Pclass,Sex,Age,SibSp,Parch,Fare,Embarked,title,deck,family_size,fare_pp,name_len,is_child,Survival_Probability
3,male,22.0,1,0,7.25,S,Mr,Unknown,2,3.625,23,0,0.08
1,female,38.0,1,0,71.2833,C,Mrs,C,2,35.64165,51,0,0.99
3,female,26.0,0,0,7.925,S,Miss,Unknown,1,7.925,22,0,0.92
1,female,35.0,1,0,53.1,S,Mrs,C,2,26.55,44,0,1.0
3,male,35.0,0,0,8.05,S,Mr,Unknown,1,8.05,24,0,0.01
3,male,,0,0,8.4583,Q,Mr,Unknown,1,8.4583,16,0,0.01
1,male,54.0,0,0,51.8625,S,Mr,E,1,51.8625,23,0,0.34
3,male,2.0,3,1,21.075,S,Master,Unknown,5,4.215,30,1,0.17
3,female,27.0,0,2,11.1333,S,Mrs,Unknown,3,3.7111,49,0,0.77
2,female,14.0,1,0,30.0708,C,Mrs,Unknown,2,15.0354,35,1,0.97
3,female,4.0,1,1,16.7,S,Miss,G,3,5.566666666666666,31,1,0.93
1,female,58.0,0,0,26.55,S,Miss,C,1,26.55,24,0,0.71
3,male,20.0,0,0,8.05,S,Mr,Unknown,1,8.05,30,0,0.06666666666666667
3,male,39.0,1,5,31.275,S,Mr,Unknown,7,4.4678571428571425,27,0,0.01
3,female,14.0,0,0,7.8542,S,Miss,Unknown,1,7.8542,36,1,0.21
2,female,55.0,0,0,16.0,S,Mrs,Unknown,1,16.0,32,0,0.99
3,male,2.0,4,1,29.125,Q,Master,Unknown,6,4.854166666666667,20,1,0.06
2,male,,0,0,13.0,S,Mr,Unknown,1,13.0,28,0,0.7
3,female,31.0,1,0,18.0,S,Mrs,Unknown,2,9.0,55,0,0.3
3,female,,0,0,7.225,C,Mrs,Unknown,1,7.225,23,0,0.68
2,male,35.0,0,0,26.0,S,Mr,Unknown,1,26.0,20,0,0.05
2,male,34.0,0,0,13.0,S,Mr,D,1,13.0,21,0,0.78
3,female,15.0,0,0,8.0292,Q,Miss,Unknown,1,8.0292,27,1,0.79
1,male,28.0,0,0,35.5,S,Mr,A,1,35.5,28,0,0.72
3,female,8.0,3,1,21.075,S,Miss,Unknown,5,4.215,29,1,0.08
3,female,38.0,1,5,31.3875,S,Mrs,Unknown,7,4.483928571428572,57,0,0.66
3,male,,0,0,7.225,C,Mr,Unknown,1,7.225,23,0,0.0
1,male,19.0,3,2,263.0,S,Mr,C,6,43.833333333333336,30,0,0.16
3,female,,0,0,7.8792,Q,Miss,Unknown,1,7.8792,29,0,1.0
3,male,,0,0,7.8958,S,Mr,Unknown,1,7.8958,19,0,0.0
1,male,40.0,0,0,27.7208,C,Rare,Unknown,1,27.7208,24,0,0.12
1,female,,1,0,146.5208,C,Mrs,B,2,73.2604,46,0,1.0
3,female,,0,0,7.75,Q,Miss,Unknown,1,7.75,24,0,0.99
2,male,66.0,0,0,10.5,S,Mr,Unknown,1,10.5,21,0,0.13
1,male,28.0,1,0,82.1708,C,Mr,Unknown,2,41.0854,23,0,0.32
1,male,42.0,1,0,52.0,S,Mr,Unknown,2,26.0,30,0,0.45
3,male,,0,0,7.2292,C,Mr,Unknown,1,7.2292,16,0,0.43583333333333335
3,male,21.0,0,0,8.05,S,Mr,Unknown,1,8.05,24,0,0.0
3,female,18.0,2,0,18.0,S,Miss,Unknown,3,6.0,34,0,0.13
3,female,14.0,1,0,11.2417,C,Miss,Unknown,2,5.62085,27,1,0.83
3,female,40.0,1,0,9.475,S,Mrs,Unknown,2,4.7375,46,0,0.14
2,female,27.0,1,0,21.0,S,Mrs,Unknown,2,10.5,56,0,0.31
3,male,,0,0,7.8958,C,Mr,Unknown,1,7.8958,19,0,0.03
2,female,3.0,1,2,41.5792,C,Miss,Unknown,4,10.3948,40,1,0.87
3,female,19.0,0,0,7.8792,Q,Miss,Unknown,1,7.8792,29,0,0.91
3,male,,0,0,8.05,S,Mr,Unknown,1,8.05,24,0,0.0
3,male,,1,0,15.5,Q,Mr,Unknown,2,7.75,17,0,0.18666666666666668
3,female,,0,0,7.75,Q,Miss,Unknown,1,7.75,25,0,0.98
3,male,,2,0,21.6792,C,Mr,Unknown,3,7.226400000000001,19,0,0.09
3,female,18.0,1,0,17.8,S,Mrs,Unknown,2,8.9,45,0,0.54
3,male,7.0,4,1,39.6875,S,Master,Unknown,6,6.614583333333333,26,1,0.01
3,male,21.0,0,0,7.8,S,Mr,Unknown,1,7.8,28,0,0.07
1,female,49.0,1,0,76.7292,C,Mrs,D,2,38.3646,40,0,1.0
2,female,29.0,1,0,26.0,S,Mrs,Unknown,2,13.0,50,0,0.98
1,male,65.0,0,1,61.9792,C,Mr,B,2,30.9896,30,0,0.2
1,male,,0,0,35.5,S,Mr,C,1,35.5,17,0,0.7
2,female,21.0,0,0,10.5,S,Miss,Unknown,1,10.5,17,0,0.93
3,male,28.5,0,0,7.2292,C,Mr,Unknown,1,7.2292,19,0,0.034
2,female,5.0,1,2,27.75,S,Miss,Unknown,4,6.9375,28,1,0.94
3,male,11.0,5,2,46.9,S,Master,Unknown,8,5.8625,34,1,0.03
3,male,22.0,0,0,7.2292,C,Mr,Unknown,1,7.2292,21,0,0.18
1,female,38.0,0,0,80.0,S,Miss,B,1,80.0,19,0,1.0
1,male,45.0,1,0,83.475,S,Mr,C,2,41.7375,27,0,0.08
3,male,4.0,3,2,27.9,S,Master,Unknown,6,4.6499999999999995,21,1,0.04
1,male,,0,0,27.7208,C,Mr,Unknown,1,27.7208,21,0,0.03
3,male,,1,1,15.2458,C,Master,Unknown,3,5.081933333333333,24,0,0.75
2,female,29.0,0,0,10.5,S,Mrs,F,1,10.5,28,0,0.97
3,male,19.0,0,0,8.1583,S,Mr,Unknown,1,8.1583,24,0,0.10333333333333332
3,female,17.0,4,2,7.925,S,Miss,Unknown,7,1.1321428571428571,31,0,0.69
3,male,26.0,2,0,8.6625,S,Mr,Unknown,3,2.8874999999999997,17,0,0.05
2,male,32.0,0,0,10.5,S,Mr,Unknown,1,10.5,26,0,0.08
3,female,16.0,5,2,46.9,S,Miss,Unknown,8,5.8625,26,0,0.04
2,male,21.0,0,0,73.5,S,Mr,Unknown,1,73.5,20,0,0.04
3,male,26.0,1,0,14.4542,C,Mr,Unknown,2,7.2271,27,0,0.13
3,male,32.0,0,0,56.4958,S,Mr,Unknown,1,56.4958,13,0,0.98
3,male,25.0,0,0,7.65,S,Mr,F,1,7.65,23,0,0.16
3,male,,0,0,7.8958,S,Mr,Unknown,1,7.8958,17,0,0.02
3,male,,0,0,8.05,S,Mr,Unknown,1,8.05,24,0,0.0
2,male,0.83,0,2,29.0,S,Master,Unknown,3,9.666666666666666,29,1,0.92
3,female,30.0,0,0,12.475,S,Miss,Unknown,1,12.475,24,0,0.69
3,male,22.0,0,0,9.0,S,Mr,Unknown,1,9.0,20,0,0.01
3,male,29.0,0,0,9.5,S,Mr,Unknown,1,9.5,27,0,0.17
3,female,,0,0,7.7875,Q,Miss,Unknown,1,7.7875,30,0,0.93
1,male,28.0,0,0,47.1,S,Mr,Unknown,1,47.1,23,0,0.3
2,female,17.0,0,0,10.5,S,Miss,Unknown,1,10.5,19,0,0.97
3,female,33.0,3,0,15.85,S,Mrs,Unknown,4,3.9625,55,0,0.72
3,male,16.0,1,3,34.375,S,Mr,Unknown,5,6.875,22,0,0.01
3,male,,0,0,8.05,S,Mr,Unknown,1,8.05,29,0,0.01
1,female,23.0,3,2,263.0,S,Miss,C,6,43.833333333333336,26,0,0.64
3,male,24.0,0,0,8.05,S,Mr,Unknown,1,8.05,22,0,0.0
3,male,29.0,0,0,8.05,S,Mr,Unknown,1,8.05,20,0,0.05
3,male,20.0,0,0,7.8542,S,Mr,Unknown,1,7.8542,26,0,0.01
1,male,46.0,1,0,61.175,S,Mr,E,2,30.5875,27,0,0.22
3,male,26.0,1,2,20.575,S,Mr,Unknown,4,5.14375,23,0,0.0
3,male,59.0,0,0,7.25,S,Mr,Unknown,1,7.25,17,0,0.01
3,male,,0,0,8.05,S,Mr,Unknown,1,8.05,27,0,0.04666666666666666
1,male,71.0,0,0,34.6542,C,Mr,A,1,34.6542,25,0,0.06
1,male,23.0,0,1,63.3583,C,Mr,D,2,31.67915,31,0,0.81
2,female,34.0,0,1,23.0,S,Mrs,Unknown,2,11.5,36,0,0.96
2,male,34.0,1,0,26.0,S,Mr,Unknown,2,13.0,17,0,0.16
3,female,28.0,0,0,7.8958,S,Miss,Unknown,1,7.8958,23,0,0.3
3,male,,0,0,7.8958,S,Mr,Unknown,1,7.8958,32,0,0.0
1,male,21.0,0,1,77.2875,S,Mr,D,2,38.64375,25,0,0.06
3,male,33.0,0,0,8.6542,S,Mr,Unknown,1,8.6542,26,0,0.05
3,male,37.0,2,0,7.925,S,Mr,Unknown,3,2.6416666666666666,30,0,0.01
3,male,28.0,0,0,7.8958,S,Mr,Unknown,1,7.8958,21,0,0.0
3,female,21.0,0,0,7.65,S,Miss,Unknown,1,7.65,32,0,0.89
3,male,,0,0,7.775,S,Mr,Unknown,1,7.775,22,0,0.65
3,male,38.0,0,0,7.8958,S,Mr,Unknown,1,7.8958,15,0,0.0
3,female,,1,0,24.15,Q,Miss,Unknown,2,12.075,19,0,0.95
1,male,47.0,0,0,52.0,S,Mr,C,1,52.0,30,0,0.15
3,female,14.5,1,0,14.4542,C,Miss,Unknown,2,7.2271,20,1,0.53
3,male,22.0,0,0,8.05,S,Mr,Unknown,1,8.05,22,0,0.05
3,female,20.0,1,0,9.825,S,Miss,Unknown,2,4.9125,23,0,0.13
3,female,17.0,0,0,14.4583,C,Miss,Unknown,1,14.4583,21,0,0.7
3,male,21.0,0,0,7.925,S,Mr,Unknown,1,7.925,21,0,0.04
3,male,70.5,0,0,7.75,Q,Mr,Unknown,1,7.75,20,0,0.01
2,male,29.0,1,0,21.0,S,Mr,Unknown,2,10.5,31,0,0.04
1,male,24.0,0,1,247.5208,C,Mr,B,2,123.7604,24,0,0.11
3,female,2.0,4,2,31.275,S,Miss,Unknown,7,4.4678571428571425,33,1,0.13
2,male,21.0,2,0,73.5,S,Mr,Unknown,3,24.5,27,0,0.0
3,male,,0,0,8.05,S,Mr,Unknown,1,8.05,26,0,0.0
2,male,32.5,1,0,30.0708,C,Mr,Unknown,2,15.0354,20,0,0.04
2,female,32.5,0,0,13.0,S,Miss,E,1,13.0,19,0,0.93
1,male,54.0,0,1,77.2875,S,Mr,D,2,38.64375,27,0,0.04
3,male,12.0,1,0,11.2417,C,Master,Unknown,2,5.62085,28,1,0.85
3,male,,0,0,7.75,Q,Mr,Unknown,1,7.75,19,0,0.0
3,male,24.0,0,0,7.1417,S,Mr,Unknown,1,7.1417,25,0,0.04
3,female,,1,1,22.3583,C,Miss,F,3,7.452766666666666,17,0,0.87
3,male,45.0,0,0,6.975,S,Mr,Unknown,1,6.975,18,0,0.06
3,male,33.0,0,0,7.8958,C,Mr,Unknown,1,7.8958,20,0,0.03
3,male,20.0,0,0,7.05,S,Mr,Unknown,1,7.05,30,0,0.0
3,female,47.0,1,0,14.5,S,Mrs,Unknown,2,7.25,46,0,0.17
2,female,29.0,1,0,26.0,S,Mrs,Unknown,2,13.0,45,0,0.97
2,male,25.0,0,0,13.0,S,Mr,Unknown,1,13.0,30,0,0.01
2,male,23.0,0,0,15.0458,C,Mr,Unknown,1,15.0458,18,0,0.03666666666666667
1,female,19.0,0,2,26.2833,S,Miss,D,3,8.7611,28,0,0.97
1,male,37.0,1,0,53.1,S,Mr,C,2,26.55,27,0,0.64
3,male,16.0,0,0,9.2167,S,Mr,Unknown,1,9.2167,19,0,0.01
1,male,24.0,0,0,79.2,C,Mr,B,1,79.2,18,0,0.26
3,female,,0,2,15.2458,C,Mrs,Unknown,3,5.081933333333333,29,0,0.28
3,female,22.0,0,0,7.75,S,Miss,Unknown,1,7.75,24,0,0.76
3,female,24.0,1,0,15.85,S,Mrs,Unknown,2,7.925,52,0,0.8
3,male,19.0,0,0,6.75,Q,Mr,Unknown,1,6.75,19,0,0.04
2,male,18.0,0,0,11.5,S,Mr,Unknown,1,11.5,26,0,0.03
2,male,19.0,1,1,36.75,S,Mr,Unknown,3,12.25,28,0,0.01
3,male,27.0,0,0,7.7958,S,Mr,Unknown,1,7.7958,44,0,0.65
3,female,9.0,2,2,34.375,S,Miss,Unknown,5,6.875,32,1,0.08
2,male,36.5,0,2,26.0,S,Mr,F,3,8.666666666666666,40,0,0.14
2,male,42.0,0,0,13.0,S,Rare,Unknown,1,13.0,33,0,0.13
2,male,51.0,0,0,12.525,S,Rare,Unknown,1,12.525,26,0,0.03
1,female,22.0,1,0,66.6,S,Mrs,C,2,33.3,33,0,1.0
3,male,55.5,0,0,8.05,S,Mr,Unknown,1,8.05,16,0,0.22
3,male,40.5,0,2,14.5,S,Mr,Unknown,3,4.833333333333333,31,0,0.08
3,male,,0,0,7.3125,S,Mr,Unknown,1,7.3125,21,0,0.02
1,male,51.0,0,1,61.3792,C,Mr,Unknown,2,30.6896,27,0,0.06
3,female,16.0,0,0,7.7333,Q,Miss,Unknown,1,7.7333,32,0,0.97
3,male,30.0,0,0,8.05,S,Mr,Unknown,1,8.05,15,0,0.03
3,male,,0,0,8.6625,S,Mr,Unknown,1,8.6625,19,0,0.12
3,male,,8,2,69.55,S,Master,Unknown,11,6.322727272727272,26,0,0.03
3,male,44.0,0,1,16.1,S,Mr,Unknown,2,8.05,24,0,0.01
2,female,40.0,0,0,15.75,S,Mrs,Unknown,1,15.75,50,0,0.95
3,male,26.0,0,0,7.775,S,Mr,Unknown,1,7.775,26,0,0.06
3,male,17.0,0,0,8.6625,S,Mr,Unknown,1,8.6625,15,0,0.0
3,male,1.0,4,1,39.6875,S,Master,Unknown,6,6.614583333333333,28,1,0.06
3,male,9.0,0,2,20.525,S,Master,Unknown,3,6.841666666666666,47,1,0.89
1,female,,0,1,55.0,S,Mrs,E,2,27.5,38,0,0.99
3,female,45.0,1,4,27.9,S,Mrs,Unknown,6,4.6499999999999995,47,0,0.07
1,male,,0,0,25.925,S,Mr,Unknown,1,25.925,19,0,0.07
3,male,28.0,0,0,56.4958,S,Mr,Unknown,1,56.4958,13,0,0.96
1,male,61.0,0,0,33.5,S,Mr,B,1,33.5,25,0,0.06
3,male,4.0,4,1,29.125,Q,Master,Unknown,6,4.854166666666667,20,1,0.03
3,female,1.0,1,1,11.1333,S,Miss,Unknown,3,3.7111,28,1,0.88
3,male,21.0,0,0,7.925,S,Mr,Unknown,1,7.925,25,0,0.0
1,male,56.0,0,0,30.6958,C,Mr,A,1,30.6958,23,0,0.13
3,male,18.0,1,1,7.8542,S,Mr,Unknown,3,2.6180666666666665,22,0,0.05
3,male,,3,1,25.4667,S,Master,Unknown,5,5.0933399999999995,29,0,0.07
1,female,50.0,0,0,28.7125,C,Miss,C,1,28.7125,26,0,0.42
2,male,30.0,0,0,13.0,S,Mr,Unknown,1,13.0,18,0,0.11
3,male,36.0,0,0,0.0,S,Mr,Unknown,1,0.0,19,0,0.04
3,female,,8,2,69.55,S,Miss,Unknown,11,6.322727272727272,28,0,0.03
2,male,,0,0,15.05,C,Mr,Unknown,1,15.05,16,0,0.04
3,male,9.0,4,2,31.3875,S,Master,Unknown,7,4.483928571428572,37,1,0.36
2,male,1.0,2,1,39.0,S,Master,F,4,9.75,25,1,0.9
3,female,4.0,0,2,22.025,S,Miss,Unknown,3,7.341666666666666,35,1,0.84
1,male,,0,0,50.0,S,Mr,A,1,50.0,21,0,0.07
3,female,,1,0,15.5,Q,Mrs,Unknown,2,7.75,47,0,0.87
1,male,45.0,0,0,26.55,S,Mr,Unknown,1,26.55,45,0,0.84
3,male,40.0,1,1,15.5,Q,Mr,Unknown,3,5.166666666666667,16,0,0.1
3,male,36.0,0,0,7.8958,S,Mr,Unknown,1,7.8958,19,0,0.0
2,female,32.0,0,0,13.0,S,Mrs,Unknown,1,13.0,19,0,1.0
2,male,19.0,0,0,13.0,S,Mr,Unknown,1,13.0,21,0,0.06
3,female,19.0,1,0,7.8542,S,Miss,Unknown,2,3.9271,47,0,0.25
2,male,3.0,1,1,26.0,S,Master,F,3,8.666666666666666,26,1,0.99
1,female,44.0,0,0,27.7208,C,Mrs,B,1,27.7208,41,0,0.96
1,female,58.0,0,0,146.5208,C,Miss,B,1,146.5208,20,0,1.0
3,male,,0,0,7.75,Q,Mr,Unknown,1,7.75,19,0,0.0
3,male,42.0,0,1,8.4042,S,Mr,Unknown,2,4.2021,32,0,0.12
3,female,,0,0,7.75,Q,Miss,Unknown,1,7.75,32,0,0.99
2,female,24.0,0,0,13.0,S,Miss,Unknown,1,13.0,38,0,0.33
3,male,28.0,0,0,9.5,S,Mr,Unknown,1,9.5,30,0,0.02
3,male,,8,2,69.55,S,Mr,Unknown,11,6.322727272727272,19,0,0.01
3,male,34.0,0,0,6.4958,S,Mr,Unknown,1,6.4958,26,0,0.04
3,male,45.5,0,0,7.225,C,Mr,Unknown,1,7.225,20,0,0.0
3,male,18.0,0,0,8.05,S,Mr,Unknown,1,8.05,24,0,0.19471428571428573
3,female,2.0,0,1,10.4625,S,Miss,G,2,5.23125,26,1,0.83
3,male,32.0,1,0,15.85,S,Mr,Unknown,2,7.925,26,0,0.0
3,male,26.0,0,0,18.7875,C,Mr,Unknown,1,18.7875,27,0,0.69
3,female,16.0,0,0,7.75,Q,Miss,Unknown,1,7.75,25,0,0.94
1,male,40.0,0,0,31.0,C,Mr,A,1,31.0,16,0,0.67
3,male,24.0,0,0,7.05,S,Mr,Unknown,1,7.05,14,0,0.02
2,female,35.0,0,0,21.0,S,Miss,Unknown,1,21.0,26,0,0.94
3,male,22.0,0,0,7.25,S,Mr,Unknown,1,7.25,22,0,0.04
2,male,30.0,0,0,13.0,S,Mr,Unknown,1,13.0,27,0,0.27
3,male,,1,0,7.75,Q,Mr,Unknown,2,3.875,19,0,0.2
1,female,31.0,1,0,113.275,C,Miss,D,2,56.6375,23,0,1.0
3,female,27.0,0,0,7.925,S,Miss,Unknown,1,7.925,22,0,0.87
2,male,42.0,1,0,27.0,S,Mr,Unknown,2,13.5,28,0,0.02
1,female,32.0,0,0,76.2917,C,Miss,D,1,76.2917,21,0,1.0
2,male,30.0,0,0,10.5,S,Mr,Unknown,1,10.5,18,0,0.02
3,male,16.0,0,0,8.05,S,Mr,Unknown,1,8.05,30,0,0.6316666666666666
2,male,27.0,0,0,13.0,S,Mr,Unknown,1,13.0,20,0,0.06
3,male,51.0,0,0,8.05,S,Mr,Unknown,1,8.05,23,0,0.15
3,male,,0,0,7.8958,S,Mr,Unknown,1,7.8958,20,0,0.0
1,male,38.0,1,0,90.0,S,Mr,C,2,45.0,28,0,0.71
3,male,22.0,0,0,9.35,S,Mr,Unknown,1,9.35,28,0,0.0
2,male,19.0,0,0,10.5,S,Mr,Unknown,1,10.5,25,0,0.64
3,male,20.5,0,0,7.25,S,Mr,Unknown,1,7.25,31,0,0.0
2,male,18.0,0,0,13.0,S,Mr,Unknown,1,13.0,25,0,0.03
3,female,,3,1,25.4667,S,Miss,Unknown,5,5.0933399999999995,23,0,0.01
1,female,35.0,1,0,83.475,S,Mrs,C,2,41.7375,44,0,1.0
3,male,29.0,0,0,7.775,S,Mr,Unknown,1,7.775,24,0,0.04
2,male,59.0,0,0,13.5,S,Mr,Unknown,1,13.5,25,0,0.0
3,female,5.0,4,2,31.3875,S,Miss,Unknown,7,4.483928571428572,30,1,0.72
2,male,24.0,0,0,10.5,S,Mr,Unknown,1,10.5,33,0,0.04
3,female,,0,0,7.55,S,Miss,Unknown,1,7.55,28,0,0.31
2,male,44.0,1,0,26.0,S,Mr,Unknown,2,13.0,17,0,0.17
2,female,8.0,0,2,26.25,S,Miss,Unknown,3,8.75,32,1,0.97
2,male,19.0,0,0,10.5,S,Mr,Unknown,1,10.5,31,0,0.08
2,male,33.0,0,0,12.275,S,Mr,Unknown,1,12.275,22,0,0.05
3,female,,1,0,14.4542,C,Miss,Unknown,2,7.2271,21,0,0.19
3,female,,1,0,15.5,Q,Miss,Unknown,2,7.75,30,0,0.96
2,male,29.0,0,0,10.5,S,Mr,Unknown,1,10.5,31,0,0.03
3,male,22.0,0,0,7.125,S,Mr,Unknown,1,7.125,29,0,0.0
3,male,30.0,0,0,7.225,C,Mr,Unknown,1,7.225,20,0,0.0
1,male,44.0,2,0,90.0,Q,Rare,C,3,30.0,27,0,0.26
3,female,25.0,0,0,7.775,S,Miss,Unknown,1,7.775,37,0,0.12
2,female,24.0,0,2,14.5,S,Mrs,Unknown,3,4.833333333333333,31,0,0.95
1,male,37.0,1,1,52.5542,S,Mr,D,3,17.518066666666666,29,0,0.81
2,male,54.0,1,0,26.0,S,Rare,Unknown,2,13.0,29,0,0.05
3,male,,0,0,7.25,S,Mr,Unknown,1,7.25,22,0,0.05
3,female,29.0,1,1,10.4625,S,Mrs,G,3,3.4875000000000003,42,0,0.29
1,male,62.0,0,0,26.55,S,Mr,C,1,26.55,25,0,0.07
3,male,30.0,1,0,16.1,S,Mr,Unknown,2,8.05,24,0,0.02
3,female,41.0,0,2,20.2125,S,Mrs,Unknown,3,6.7375,40,0,0.2
3,female,29.0,0,2,15.2458,C,Mrs,Unknown,3,5.081933333333333,39,0,0.78
1,female,,0,0,79.2,C,Mrs,Unknown,1,79.2,30,0,1.0
1,female,30.0,0,0,86.5,S,Miss,B,1,86.5,20,0,1.0
1,female,35.0,0,0,512.3292,C,Miss,Unknown,1,512.3292,16,0,1.0
2,female,50.0,0,1,26.0,S,Mrs,Unknown,2,13.0,27,0,0.93
3,male,,0,0,7.75,Q,Mr,Unknown,1,7.75,17,0,0.0
3,male,3.0,4,2,31.3875,S,Master,Unknown,7,4.483928571428572,33,1,0.64
1,male,52.0,1,1,79.65,S,Mr,E,3,26.55,17,0,0.11
1,male,40.0,0,0,0.0,S,Mr,B,1,0.0,21,0,0.07
3,female,,0,0,7.75,Q,Miss,Unknown,1,7.75,18,0,0.32
2,male,36.0,0,0,10.5,S,Mr,Unknown,1,10.5,17,0,0.07
3,male,16.0,4,1,39.6875,S,Mr,Unknown,6,6.614583333333333,25,0,0.0
3,male,25.0,1,0,7.775,S,Mr,Unknown,2,3.8875,24,0,0.67
1,female,58.0,0,1,153.4625,S,Mrs,C,2,76.73125,45,0,0.97
1,female,35.0,0,0,135.6333,S,Miss,C,1,135.6333,22,0,1.0
1,male,,0,0,31.0,S,Mr,Unknown,1,31.0,21,0,0.1
3,male,25.0,0,0,0.0,S,Mr,Unknown,1,0.0,28,0,0.69
2,female,41.0,0,1,19.5,S,Mrs,Unknown,2,9.75,41,0,0.96
1,male,37.0,0,1,29.7,C,Mr,C,2,14.85,21,0,0.43
3,female,,0,0,7.75,Q,Miss,Unknown,1,7.75,26,0,0.98
1,female,63.0,1,0,77.9583,S,Miss,D,2,38.97915,33,0,1.0
3,female,45.0,0,0,7.75,S,Miss,Unknown,1,7.75,33,0,0.18
2,male,,0,0,0.0,S,Mr,Unknown,1,0.0,27,0,0.01
3,male,7.0,4,1,29.125,Q,Master,Unknown,6,4.854166666666667,18,1,0.01
3,female,35.0,1,1,20.25,S,Mrs,Unknown,3,6.75,32,0,0.89
3,male,65.0,0,0,7.75,Q,Mr,Unknown,1,7.75,16,0,0.01
3,male,28.0,0,0,7.8542,S,Mr,Unknown,1,7.8542,32,0,0.02
3,male,16.0,0,0,9.5,S,Mr,Unknown,1,9.5,25,0,0.056666666666666664
3,male,19.0,0,0,8.05,S,Mr,Unknown,1,8.05,26,0,0.4500476190476191
1,male,,0,0,26.0,S,Mr,A,1,26.0,26,0,0.2
3,male,33.0,0,0,8.6625,C,Mr,Unknown,1,8.6625,19,0,0.01
3,male,30.0,0,0,9.5,S,Mr,Unknown,1,9.5,23,0,0.65
3,male,22.0,0,0,7.8958,S,Mr,Unknown,1,7.8958,20,0,0.0
2,male,42.0,0,0,13.0,S,Mr,Unknown,1,13.0,20,0,0.64
3,female,22.0,0,0,7.75,Q,Miss,Unknown,1,7.75,20,0,0.85
1,female,26.0,0,0,78.85,S,Miss,Unknown,1,78.85,28,0,0.98
1,female,19.0,1,0,91.0792,C,Mrs,B,2,45.5396,39,0,1.0
2,male,36.0,0,0,12.875,C,Mr,D,1,12.875,22,0,0.51
3,female,24.0,0,0,8.85,S,Miss,Unknown,1,8.85,19,0,0.13
3,male,24.0,0,0,7.8958,S,Mr,Unknown,1,7.8958,16,0,0.0
1,male,,0,0,27.7208,C,Mr,Unknown,1,27.7208,17,0,0.03
3,male,23.5,0,0,7.2292,C,Mr,Unknown,1,7.2292,18,0,0.04666666666666666
1,female,2.0,1,2,151.55,S,Miss,C,4,37.8875,28,1,0.34
1,male,,0,0,30.5,S,Mr,C,1,30.5,21,0,0.76
1,female,50.0,0,1,247.5208,C,Mrs,B,2,123.7604,47,0,1.0
3,female,,0,0,7.75,Q,Miss,Unknown,1,7.75,40,0,0.85
3,male,,2,0,23.25,Q,Mr,Unknown,3,7.75,18,0,0.58
3,male,19.0,0,0,0.0,S,Mr,Unknown,1,0.0,31,0,0.16
2,female,,0,0,12.35,Q,Miss,E,1,12.35,19,0,0.92
3,male,,0,0,8.05,S,Mr,Unknown,1,8.05,33,0,0.17
1,male,0.92,1,2,151.55,S,Master,C,4,37.8875,30,1,0.86
1,female,,0,0,110.8833,C,Miss,Unknown,1,110.8833,23,0,1.0
1,female,17.0,1,0,108.9,C,Mrs,C,2,54.45,82,0,0.95
2,male,30.0,1,0,24.0,C,Mr,Unknown,2,12.0,19,0,0.03
1,female,30.0,0,0,56.9292,C,Miss,E,1,56.9292,30,0,1.0
1,female,24.0,0,0,83.1583,C,Miss,C,1,83.1583,30,0,0.96
1,female,18.0,2,2,262.375,C,Miss,B,5,52.475,26,0,0.97
2,female,26.0,1,1,26.0,S,Mrs,Unknown,3,8.666666666666666,37,0,0.36
3,male,28.0,0,0,7.8958,S,Mr,Unknown,1,7.8958,22,0,0.01
2,male,43.0,1,1,26.25,S,Mr,Unknown,3,8.75,18,0,0.0
3,female,26.0,0,0,7.8542,S,Miss,Unknown,1,7.8542,31,0,0.72
2,female,24.0,1,0,26.0,S,Mrs,Unknown,2,13.0,35,0,0.97
2,male,54.0,0,0,14.0,S,Rare,Unknown,1,14.0,20,0,0.06
1,female,31.0,0,2,164.8667,S,Miss,C,3,54.95556666666667,24,0,0.91
1,female,40.0,1,1,134.5,C,Mrs,E,3,44.833333333333336,56,0,0.97
3,male,22.0,0,0,7.25,S,Mr,Unknown,1,7.25,18,0,0.0
3,male,27.0,0,0,7.8958,S,Mr,Unknown,1,7.8958,16,0,0.03
2,female,30.0,0,0,12.35,Q,Miss,Unknown,1,12.35,25,0,0.93
2,female,22.0,1,1,29.0,S,Mrs,Unknown,3,9.666666666666666,51,0,0.9
3,male,,8,2,69.55,S,Mr,Unknown,11,6.322727272727272,24,0,0.0
1,female,36.0,0,0,135.6333,C,Miss,C,1,135.6333,24,0,1.0
3,male,61.0,0,0,6.2375,S,Mr,Unknown,1,6.2375,25,0,0.03
2,female,36.0,0,0,13.0,S,Mrs,D,1,13.0,23,0,0.93
3,female,31.0,1,1,20.525,S,Mrs,Unknown,3,6.841666666666666,46,0,0.87
1,female,16.0,0,1,57.9792,C,Miss,B,2,28.9896,28,0,0.98
3,female,,2,0,23.25,Q,Miss,Unknown,3,7.75,18,0,0.58
1,male,45.5,0,0,28.5,S,Mr,C,1,28.5,19,0,0.3
1,male,38.0,0,1,153.4625,S,Mr,C,2,76.73125,25,0,0.11
3,male,16.0,2,0,18.0,S,Mr,Unknown,3,6.0,31,0,0.09
1,female,,1,0,133.65,S,Mrs,Unknown,2,66.825,50,0,1.0
3,male,,0,0,7.8958,S,Mr,Unknown,1,7.8958,18,0,0.0
1,male,29.0,1,0,66.6,S,Mr,C,2,33.3,25,0,0.17
1,female,41.0,0,0,134.5,C,Miss,E,1,134.5,31,0,1.0
3,male,45.0,0,0,8.05,S,Mr,Unknown,1,8.05,21,0,0.61
1,male,45.0,0,0,35.5,S,Mr,T,1,35.5,28,0,0.31
2,male,2.0,1,1,26.0,S,Master,F,3,8.666666666666666,30,1,0.99
1,female,24.0,3,2,263.0,S,Miss,C,6,43.833333333333336,30,0,0.65
2,male,28.0,0,0,13.0,S,Mr,Unknown,1,13.0,26,0,0.0
2,male,25.0,0,0,13.0,S,Mr,Unknown,1,13.0,42,0,0.08
2,male,36.0,0,0,13.0,S,Mr,Unknown,1,13.0,23,0,0.02
2,female,24.0,0,0,13.0,S,Miss,F,1,13.0,29,0,0.87
2,female,40.0,0,0,13.0,S,Miss,Unknown,1,13.0,25,0,0.75
3,female,,1,0,16.1,S,Mrs,Unknown,2,8.05,41,0,0.84
3,male,3.0,1,1,15.9,S,Master,Unknown,3,5.3,38,1,0.94
3,male,42.0,0,0,8.6625,S,Mr,Unknown,1,8.6625,16,0,0.04
3,male,23.0,0,0,9.225,S,Mr,Unknown,1,9.225,22,0,0.06
1,male,,0,0,35.0,S,Mr,C,1,35.0,38,0,0.57
3,male,15.0,1,1,7.2292,C,Mr,Unknown,3,2.409733333333333,18,1,0.12
3,male,25.0,1,0,17.8,S,Mr,Unknown,2,8.9,25,0,0.04
3,male,,0,0,7.225,C,Mr,Unknown,1,7.225,17,0,0.0
3,male,28.0,0,0,9.5,S,Mr,Unknown,1,9.5,27,0,0.03
1,female,22.0,0,1,55.0,S,Miss,E,2,27.5,27,0,0.98
2,female,38.0,0,0,13.0,S,Miss,Unknown,1,13.0,25,0,0.32
3,female,,0,0,7.8792,Q,Miss,Unknown,1,7.8792,20,0,0.94
3,female,,0,0,7.8792,Q,Miss,Unknown,1,7.8792,33,0,0.94
3,male,40.0,1,4,27.9,S,Mr,Unknown,6,4.6499999999999995,18,0,0.0
2,male,29.0,1,0,27.7208,C,Mr,Unknown,2,13.8604,25,0,0.02
3,female,45.0,0,1,14.4542,C,Mrs,Unknown,2,7.2271,31,0,0.46
3,male,35.0,0,0,7.05,S,Mr,Unknown,1,7.05,15,0,0.0
3,male,,1,0,15.5,Q,Mr,Unknown,2,7.75,19,0,0.19
3,male,30.0,0,0,7.25,S,Mr,Unknown,1,7.25,30,0,0.0
1,female,60.0,1,0,75.25,C,Mrs,D,2,37.625,48,0,0.99
3,female,,0,0,7.2292,C,Mrs,Unknown,1,7.2292,30,0,0.85
3,female,,0,0,7.75,Q,Miss,Unknown,1,7.75,19,0,0.83
1,female,24.0,0,0,69.3,C,Mrs,B,1,69.3,29,0,1.0
1,male,25.0,1,0,55.4417,C,Mr,E,2,27.72085,27,0,0.86
3,male,18.0,1,0,6.4958,S,Mr,Unknown,2,3.2479,25,0,0.06
3,male,19.0,0,0,8.05,S,Mr,Unknown,1,8.05,26,0,0.4500476190476191
1,male,22.0,0,0,135.6333,C,Mr,Unknown,1,135.6333,19,0,0.08
3,female,3.0,3,1,21.075,S,Miss,Unknown,5,4.215,26,1,0.14
1,female,,1,0,82.1708,C,Mrs,Unknown,2,41.0854,37,0,0.96
3,female,22.0,0,0,7.25,S,Miss,Unknown,1,7.25,31,0,0.91
1,male,27.0,0,2,211.5,C,Mr,C,3,70.5,25,0,0.1
3,male,20.0,0,0,4.0125,C,Mr,Unknown,1,4.0125,19,0,0.09
3,male,19.0,0,0,7.775,S,Mr,Unknown,1,7.775,27,0,0.035
1,female,42.0,0,0,227.525,C,Miss,Unknown,1,227.525,21,0,1.0
3,female,1.0,0,2,15.7417,C,Miss,Unknown,3,5.247233333333333,27,1,0.87
3,male,32.0,0,0,7.925,S,Mr,Unknown,1,7.925,18,0,0.5
1,female,35.0,1,0,52.0,S,Mrs,Unknown,2,26.0,51,0,1.0
3,male,,0,0,7.8958,S,Mr,Unknown,1,7.8958,22,0,0.0
2,male,18.0,0,0,73.5,S,Mr,Unknown,1,73.5,25,0,0.04
3,male,1.0,5,2,46.9,S,Master,Unknown,8,5.8625,31,1,0.08
2,female,36.0,0,0,13.0,S,Miss,Unknown,1,13.0,16,0,0.88
3,male,,0,0,7.7292,Q,Mr,Unknown,1,7.7292,20,0,0.0
2,female,17.0,0,0,12.0,C,Miss,Unknown,1,12.0,21,0,0.92
1,male,36.0,1,2,120.0,S,Mr,B,4,30.0,26,0,0.4
3,male,21.0,0,0,7.7958,S,Mr,Unknown,1,7.7958,22,0,0.76
3,male,28.0,2,0,7.925,S,Mr,Unknown,3,2.6416666666666666,28,0,0.04
1,female,23.0,1,0,113.275,C,Miss,D,2,56.6375,22,0,1.0
3,female,24.0,0,2,16.7,S,Mrs,G,3,5.566666666666666,51,0,0.87
3,male,22.0,0,0,7.7958,S,Mr,Unknown,1,7.7958,19,0,0.1
3,female,31.0,0,0,7.8542,S,Miss,Unknown,1,7.8542,19,0,0.24
2,male,46.0,0,0,26.0,S,Mr,Unknown,1,26.0,23,0,0.0
2,male,23.0,0,0,10.5,S,Rare,Unknown,1,10.5,16,0,0.03
2,female,28.0,0,0,12.65,S,Mrs,Unknown,1,12.65,32,0,0.96
3,male,39.0,0,0,7.925,S,Mr,Unknown,1,7.925,18,0,0.3
3,male,26.0,0,0,8.05,S,Mr,Unknown,1,8.05,15,0,0.03
3,female,21.0,1,0,9.825,S,Miss,Unknown,2,4.9125,24,0,0.18
3,male,28.0,1,0,15.85,S,Mr,Unknown,2,7.925,30,0,0.01
3,female,20.0,0,0,8.6625,S,Miss,Unknown,1,8.6625,23,0,0.11
2,male,34.0,1,0,21.0,S,Mr,Unknown,2,10.5,18,0,0.03
3,male,51.0,0,0,7.75,S,Mr,Unknown,1,7.75,32,0,0.01
2,male,3.0,1,1,18.75,S,Master,Unknown,3,6.25,30,1,0.97
3,male,21.0,0,0,7.775,S,Mr,Unknown,1,7.775,33,0,0.07
3,female,,3,1,25.4667,S,Miss,Unknown,5,5.0933399999999995,18,0,0.03
3,male,,0,0,7.8958,S,Mr,Unknown,1,7.8958,18,0,0.0
3,male,,0,0,6.8583,Q,Mr,Unknown,1,6.8583,15,0,0.01
1,female,33.0,1,0,90.0,Q,Miss,C,2,45.0,22,0,0.95
2,male,,0,0,0.0,S,Mr,Unknown,1,0.0,30,0,0.06
3,male,44.0,0,0,7.925,S,Mr,Unknown,1,7.925,25,0,0.02
3,female,,0,0,8.05,S,Mrs,Unknown,1,8.05,39,0,0.27
2,female,34.0,1,1,32.5,S,Mrs,Unknown,3,10.833333333333334,47,0,0.99
2,female,18.0,0,2,13.0,S,Miss,Unknown,3,4.333333333333333,29,0,0.94
2,male,30.0,0,0,13.0,S,Mr,Unknown,1,13.0,26,0,0.25
3,female,10.0,0,2,24.15,S,Miss,Unknown,3,8.049999999999999,25,1,0.29
3,male,,0,0,7.8958,C,Mr,Unknown,1,7.8958,22,0,0.13
3,male,21.0,0,0,7.7333,Q,Mr,Unknown,1,7.7333,19,0,0.03
3,male,29.0,0,0,7.875,S,Mr,Unknown,1,7.875,18,0,0.18
3,female,28.0,1,1,14.4,S,Mrs,Unknown,3,4.8,54,0,0.25
3,male,18.0,1,1,20.2125,S,Mr,Unknown,3,6.7375,27,0,0.0
3,male,,0,0,7.25,S,Mr,Unknown,1,7.25,22,0,0.05
2,female,28.0,1,0,26.0,S,Mrs,Unknown,2,13.0,43,0,0.91
2,female,19.0,0,0,26.0,S,Miss,Unknown,1,26.0,67,0,0.88
3,male,,0,0,7.75,Q,Mr,Unknown,1,7.75,16,0,0.0
3,male,32.0,0,0,8.05,S,Mr,E,1,8.05,34,0,0.22
1,male,28.0,0,0,26.55,S,Mr,C,1,26.55,41,0,0.83
3,female,,1,0,16.1,S,Mrs,Unknown,2,8.05,49,0,0.84
2,female,42.0,1,0,26.0,S,Mrs,Unknown,2,13.0,51,0,0.87
3,male,17.0,0,0,7.125,S,Mr,Unknown,1,7.125,26,0,0.01
1,male,50.0,1,0,55.9,S,Mr,E,2,27.95,25,0,0.48
1,female,14.0,1,2,120.0,S,Miss,B,4,30.0,25,1,0.84
3,female,21.0,2,2,34.375,S,Miss,Unknown,5,6.875,36,0,0.07
2,female,24.0,2,3,18.75,S,Mrs,Unknown,6,3.125,37,0,0.9
1,male,64.0,1,4,263.0,S,Mr,C,6,43.833333333333336,17,0,0.12
2,male,31.0,0,0,10.5,S,Mr,Unknown,1,10.5,38,0,0.19
2,female,45.0,1,1,26.25,S,Mrs,Unknown,3,8.75,43,0,0.88
3,male,20.0,0,0,9.5,S,Mr,Unknown,1,9.5,15,0,0.0
3,male,25.0,1,0,7.775,S,Mr,Unknown,2,3.8875,25,0,0.59
2,female,28.0,0,0,13.0,S,Miss,Unknown,1,13.0,25,0,0.91
3,male,,0,0,8.1125,S,Mr,Unknown,1,8.1125,33,0,0.6
1,male,4.0,0,2,81.8583,S,Master,A,3,27.2861,25,1,0.66
2,female,13.0,0,1,19.5,S,Miss,Unknown,2,9.75,33,1,0.99
1,male,34.0,0,0,26.55,S,Mr,Unknown,1,26.55,27,0,0.74
3,female,5.0,2,1,19.2583,C,Miss,Unknown,4,4.814575,30,1,0.96
1,male,52.0,0,0,30.5,S,Rare,C,1,30.5,30,0,0.83
2,male,36.0,1,2,27.75,S,Mr,Unknown,4,6.9375,21,0,0.02
3,male,,1,0,19.9667,S,Mr,Unknown,2,9.98335,31,0,0.03
1,male,30.0,0,0,27.75,C,Mr,C,1,27.75,31,0,0.26
1,male,49.0,1,0,89.1042,C,Mr,C,2,44.5521,24,0,0.77
3,male,,0,0,8.05,S,Mr,Unknown,1,8.05,19,0,0.01
3,male,29.0,0,0,7.8958,C,Mr,Unknown,1,7.8958,18,0,0.64
1,male,65.0,0,0,26.55,S,Mr,E,1,26.55,25,0,0.17
1,female,,1,0,51.8625,S,Mrs,D,2,25.93125,33,0,1.0
2,female,50.0,0,0,10.5,S,Miss,Unknown,1,10.5,19,0,0.96
3,male,,0,0,7.75,Q,Mr,Unknown,1,7.75,21,0,0.1
1,male,48.0,0,0,26.55,S,Mr,E,1,26.55,19,0,0.71
3,male,34.0,0,0,8.05,S,Mr,Unknown,1,8.05,19,0,0.01
1,male,47.0,0,0,38.5,S,Mr,E,1,38.5,17,0,0.43
2,male,48.0,0,0,13.0,S,Mr,Unknown,1,13.0,28,0,0.04
3,male,,0,0,8.05,S,Mr,Unknown,1,8.05,18,0,0.04
3,male,38.0,0,0,7.05,S,Mr,Unknown,1,7.05,31,0,0.0
2,male,,0,0,0.0,S,Mr,Unknown,1,0.0,21,0,0.03
1,male,56.0,0,0,26.55,S,Mr,Unknown,1,26.55,26,0,0.09
3,male,,0,0,7.725,Q,Mr,Unknown,1,7.725,18,0,0.02
3,female,0.75,2,1,19.2583,C,Miss,Unknown,4,4.814575,29,1,0.96
3,male,,0,0,7.25,S,Mr,Unknown,1,7.25,17,0,0.02
3,male,38.0,0,0,8.6625,S,Mr,Unknown,1,8.6625,15,0,0.04
2,female,33.0,1,2,27.75,S,Mrs,Unknown,4,6.9375,39,0,0.91
2,female,23.0,0,0,13.7917,C,Mrs,D,1,13.7917,44,0,0.97
3,female,22.0,0,0,9.8375,S,Miss,Unknown,1,9.8375,27,0,0.18
1,male,,0,0,52.0,S,Mr,A,1,52.0,27,0,0.07
2,male,34.0,1,0,21.0,S,Mr,Unknown,2,10.5,23,0,0.01
3,male,29.0,1,0,7.0458,S,Mr,Unknown,2,3.5229,25,0,0.18
3,male,22.0,0,0,7.5208,S,Mr,Unknown,1,7.5208,25,0,0.07
3,female,2.0,0,1,12.2875,S,Miss,Unknown,2,6.14375,24,1,0.79
3,male,9.0,5,2,46.9,S,Master,Unknown,8,5.8625,30,1,0.01
2,male,,0,0,0.0,S,Mr,Unknown,1,0.0,32,0,0.0
3,male,50.0,0,0,8.05,S,Mr,Unknown,1,8.05,24,0,0.12
3,female,63.0,0,0,9.5875,S,Mrs,Unknown,1,9.5875,22,0,0.74
1,male,25.0,1,0,91.0792,C,Mr,B,2,45.5396,23,0,0.83
3,female,,3,1,25.4667,S,Miss,Unknown,5,5.0933399999999995,22,0,0.01
1,female,35.0,1,0,90.0,S,Mrs,C,2,45.0,47,0,1.0
1,male,58.0,0,0,29.7,C,Mr,B,1,29.7,23,0,0.11
3,male,30.0,0,0,8.05,S,Mr,Unknown,1,8.05,29,0,0.01
3,male,9.0,1,1,15.9,S,Master,Unknown,3,5.3,37,1,0.87
3,male,,1,0,19.9667,S,Mr,Unknown,2,9.98335,36,0,0.02
3,male,21.0,0,0,7.25,S,Mr,Unknown,1,7.25,19,0,0.01
1,male,55.0,0,0,30.5,S,Mr,C,1,30.5,26,0,0.08
1,male,71.0,0,0,49.5042,C,Mr,Unknown,1,49.5042,23,0,0.04
3,male,21.0,0,0,8.05,S,Mr,Unknown,1,8.05,26,0,0.05366666666666666
3,male,,0,0,14.4583,C,Mr,Unknown,1,14.4583,21,0,0.05
1,female,54.0,1,0,78.2667,C,Miss,D,2,39.13335,30,0,1.0
3,male,,0,0,15.1,S,Mr,Unknown,1,15.1,31,0,0.15
1,female,25.0,1,2,151.55,S,Mrs,C,4,37.8875,47,0,0.92
3,male,24.0,0,0,7.7958,S,Mr,Unknown,1,7.7958,18,0,0.06
3,male,17.0,0,0,8.6625,S,Mr,Unknown,1,8.6625,16,0,0.0
3,female,21.0,0,0,7.75,Q,Miss,Unknown,1,7.75,19,0,0.24
3,female,,0,0,7.6292,Q,Miss,Unknown,1,7.6292,30,0,0.4
3,female,37.0,0,0,9.5875,S,Miss,Unknown,1,9.5875,30,0,0.15
1,female,16.0,0,0,86.5,S,Miss,B,1,86.5,21,0,1.0
1,male,18.0,1,0,108.9,C,Mr,C,2,54.45,42,0,0.31
2,female,33.0,0,2,26.0,S,Mrs,Unknown,3,8.666666666666666,45,0,0.93
1,male,,0,0,26.55,S,Mr,Unknown,1,26.55,45,0,0.95
3,male,28.0,0,0,22.525,S,Mr,Unknown,1,22.525,24,0,0.15
3,male,26.0,0,0,56.4958,S,Mr,Unknown,1,56.4958,14,0,0.96
3,male,29.0,0,0,7.75,Q,Mr,Unknown,1,7.75,24,0,0.64
3,male,,0,0,8.05,S,Mr,Unknown,1,8.05,17,0,0.06
1,male,36.0,0,0,26.2875,S,Mr,E,1,26.2875,25,0,0.65
1,female,54.0,1,0,59.4,C,Mrs,Unknown,2,29.7,46,0,0.93
3,male,24.0,0,0,7.4958,S,Mr,Unknown,1,7.4958,17,0,0.015
1,male,47.0,0,0,34.0208,S,Mr,D,1,34.0208,28,0,0.14
2,female,34.0,0,0,10.5,S,Mrs,F,1,10.5,28,0,0.93
3,male,,0,0,24.15,Q,Mr,Unknown,1,24.15,17,0,0.04
2,female,36.0,1,0,26.0,S,Mrs,Unknown,2,13.0,52,0,0.98
3,male,32.0,0,0,7.8958,S,Mr,Unknown,1,7.8958,19,0,0.04
1,female,30.0,0,0,93.5,S,Miss,B,1,93.5,21,0,1.0
3,male,22.0,0,0,7.8958,S,Mr,Unknown,1,7.8958,15,0,0.0
3,male,,0,0,7.225,C,Mr,Unknown,1,7.225,18,0,0.01
1,female,44.0,0,1,57.9792,C,Mrs,B,2,28.9896,47,0,1.0
3,male,,0,0,7.2292,C,Mr,Unknown,1,7.2292,17,0,0.03
3,male,40.5,0,0,7.75,Q,Mr,Unknown,1,7.75,18,0,0.0
2,female,50.0,0,0,10.5,S,Miss,Unknown,1,10.5,20,0,0.97
1,male,,0,0,221.7792,S,Mr,C,1,221.7792,18,0,0.41
3,male,39.0,0,0,7.925,S,Mr,Unknown,1,7.925,25,0,0.0
2,male,23.0,2,1,11.5,S,Mr,Unknown,4,2.875,27,0,0.01
2,female,2.0,1,1,26.0,S,Miss,Unknown,3,8.666666666666666,24,1,0.89
3,male,,0,0,7.2292,C,Mr,Unknown,1,7.2292,17,0,0.03
3,male,17.0,1,1,7.2292,C,Mr,Unknown,3,2.409733333333333,20,0,0.04
3,female,,0,2,22.3583,C,Mrs,Unknown,3,7.452766666666666,38,0,0.92
3,female,30.0,0,0,8.6625,S,Miss,Unknown,1,8.6625,19,0,0.1
2,female,7.0,0,2,26.25,S,Miss,Unknown,3,8.75,22,1,0.97
1,male,45.0,0,0,26.55,S,Rare,B,1,26.55,33,0,0.29
1,female,30.0,0,0,106.425,C,Miss,Unknown,1,106.425,19,0,0.99
3,male,,0,0,14.5,S,Mr,Unknown,1,14.5,24,0,0.03
1,female,22.0,0,2,49.5,C,Miss,B,3,16.5,34,0,0.99
1,female,36.0,0,2,71.0,S,Miss,B,3,23.666666666666668,23,0,0.99
3,female,9.0,4,2,31.275,S,Miss,Unknown,7,4.4678571428571425,36,1,0.05
3,female,11.0,4,2,31.275,S,Miss,Unknown,7,4.4678571428571425,33,1,0.07
2,male,32.0,1,0,26.0,S,Mr,Unknown,2,13.0,17,0,0.67
1,male,50.0,1,0,106.425,C,Mr,C,2,53.2125,26,0,0.22
1,male,64.0,0,0,26.0,S,Mr,Unknown,1,26.0,28,0,0.06
2,female,19.0,1,0,26.0,S,Mrs,Unknown,2,13.0,33,0,0.99
2,male,,0,0,13.8625,C,Mr,Unknown,1,13.8625,26,0,0.04
3,male,33.0,1,1,20.525,S,Mr,Unknown,3,6.841666666666666,25,0,0.02
2,male,8.0,1,1,36.75,S,Master,Unknown,3,12.25,30,1,0.89
1,male,17.0,0,2,110.8833,C,Mr,C,3,36.9611,27,0,0.64
2,male,27.0,0,0,26.0,S,Mr,Unknown,1,26.0,27,0,0.01
3,male,,0,0,7.8292,Q,Mr,Unknown,1,7.8292,20,0,0.05
3,male,22.0,0,0,7.225,C,Mr,Unknown,1,7.225,33,0,0.71
3,female,22.0,0,0,7.775,S,Miss,Unknown,1,7.775,18,0,0.42
1,male,62.0,0,0,26.55,S,Mr,Unknown,1,26.55,18,0,0.12
1,female,48.0,1,0,39.6,C,Rare,A,2,19.8,65,0,0.95
1,male,,0,0,227.525,C,Mr,Unknown,1,227.525,19,0,0.15
1,female,39.0,1,1,79.65,S,Mrs,E,3,26.55,38,0,1.0
3,female,36.0,1,0,17.4,S,Mrs,Unknown,2,8.7,44,0,0.89
3,male,,0,0,7.75,Q,Mr,Unknown,1,7.75,24,0,0.59
3,male,40.0,0,0,7.8958,S,Mr,Unknown,1,7.8958,17,0,0.01
2,male,28.0,0,0,13.5,S,Mr,Unknown,1,13.5,26,0,0.0
3,male,,0,0,8.05,S,Mr,Unknown,1,8.05,17,0,0.06
3,female,,0,0,8.05,S,Miss,Unknown,1,8.05,30,0,0.08
3,male,24.0,2,0,24.15,S,Mr,Unknown,3,8.049999999999999,20,0,0.01
3,male,19.0,0,0,7.8958,S,Mr,Unknown,1,7.8958,20,0,0.005
3,female,29.0,0,4,21.075,S,Mrs,Unknown,5,4.215,43,0,0.17
3,male,,0,0,7.2292,C,Mr,Unknown,1,7.2292,19,0,0.024
3,male,32.0,0,0,7.8542,S,Mr,Unknown,1,7.8542,17,0,0.66
2,male,62.0,0,0,10.5,S,Mr,Unknown,1,10.5,18,0,0.59
1,female,53.0,2,0,51.4792,S,Mrs,C,3,17.15973333333333,45,0,0.98
1,male,36.0,0,0,26.3875,S,Mr,E,1,26.3875,32,0,0.97
3,female,,0,0,7.75,Q,Miss,Unknown,1,7.75,17,0,0.88
3,male,16.0,0,0,8.05,S,Mr,Unknown,1,8.05,28,0,0.2733333333333333
3,male,19.0,0,0,14.5,S,Mr,Unknown,1,14.5,20,0,0.02
2,female,34.0,0,0,13.0,S,Miss,Unknown,1,13.0,20,0,0.9
1,female,39.0,1,0,55.9,S,Mrs,E,2,27.95,41,0,1.0
3,female,,1,0,14.4583,C,Mrs,Unknown,2,7.22915,32,0,0.3
3,male,32.0,0,0,7.925,S,Mr,Unknown,1,7.925,19,0,0.21
2,female,25.0,1,1,30.0,S,Miss,Unknown,3,10.0,27,0,0.96
1,female,39.0,1,1,110.8833,C,Mrs,C,3,36.9611,52,0,1.0
2,male,54.0,0,0,26.0,S,Mr,Unknown,1,26.0,26,0,0.0
1,male,36.0,0,0,40.125,C,Mr,A,1,40.125,19,0,0.2
3,male,,0,0,8.7125,C,Mr,Unknown,1,8.7125,19,0,0.05
1,female,18.0,0,2,79.65,S,Miss,E,3,26.55,19,0,0.98
2,male,47.0,0,0,15.0,S,Mr,Unknown,1,15.0,23,0,0.01
1,male,60.0,1,1,79.2,C,Mr,B,3,26.400000000000002,32,0,0.46
3,male,22.0,0,0,8.05,S,Mr,Unknown,1,8.05,21,0,0.01
3,male,,0,0,8.05,S,Mr,Unknown,1,8.05,19,0,0.01
3,male,35.0,0,0,7.125,S,Mr,Unknown,1,7.125,20,0,0.0
1,female,52.0,1,0,78.2667,C,Mrs,D,2,39.13335,47,0,1.0
3,male,47.0,0,0,7.25,S,Mr,Unknown,1,7.25,26,0,0.0
3,female,,0,2,7.75,Q,Miss,Unknown,3,2.5833333333333335,18,0,0.29
2,male,37.0,1,0,26.0,S,Mr,Unknown,2,13.0,23,0,0.03
3,male,36.0,1,1,24.15,S,Mr,Unknown,3,8.049999999999999,27,0,0.01
2,female,,0,0,33.0,S,Miss,Unknown,1,33.0,26,0,0.99
3,male,49.0,0,0,0.0,S,Mr,Unknown,1,0.0,19,0,0.03
3,male,,0,0,7.225,C,Mr,Unknown,1,7.225,17,0,0.0
1,male,49.0,1,0,56.9292,C,Rare,A,2,28.4646,44,0,0.81
2,female,24.0,2,1,27.0,S,Mrs,Unknown,4,6.75,51,0,0.92
3,male,,0,0,7.8958,S,Mr,Unknown,1,7.8958,20,0,0.0
1,male,,0,0,42.4,S,Mr,Unknown,1,42.4,25,0,0.17
3,male,44.0,0,0,8.05,S,Mr,Unknown,1,8.05,25,0,0.02
1,male,35.0,0,0,26.55,C,Mr,Unknown,1,26.55,31,0,0.73
3,male,36.0,1,0,15.55,S,Mr,Unknown,2,7.775,29,0,0.01
3,male,30.0,0,0,7.8958,S,Mr,Unknown,1,7.8958,17,0,0.0
1,male,27.0,0,0,30.5,S,Mr,Unknown,1,30.5,27,0,0.45
2,female,22.0,1,2,41.5792,C,Mrs,Unknown,4,10.3948,53,0,0.96
1,female,40.0,0,0,153.4625,S,Miss,C,1,153.4625,25,0,0.99
3,female,39.0,1,5,31.275,S,Mrs,Unknown,7,4.4678571428571425,57,0,0.27
3,male,,0,0,7.05,S,Mr,Unknown,1,7.05,21,0,0.04833333333333334
3,female,,1,0,15.5,Q,Miss,Unknown,2,7.75,27,0,0.97
3,male,,0,0,7.75,Q,Mr,Unknown,1,7.75,16,0,0.0
3,male,35.0,0,0,8.05,S,Mr,Unknown,1,8.05,31,0,0.04
2,female,24.0,1,2,65.0,S,Miss,Unknown,4,16.25,19,0,0.99
3,male,34.0,1,1,14.4,S,Mr,Unknown,3,4.8,25,0,0.03
3,female,26.0,1,0,16.1,S,Mrs,Unknown,2,8.05,47,0,0.3
2,female,4.0,2,1,39.0,S,Miss,F,4,9.75,27,1,0.96
2,male,26.0,0,0,10.5,S,Mr,Unknown,1,10.5,19,0,0.01
3,male,27.0,1,0,14.4542,C,Mr,Unknown,2,7.2271,19,0,0.03
1,male,42.0,1,0,52.5542,S,Mr,D,2,26.2771,28,0,0.87
3,male,20.0,1,1,15.7417,C,Mr,Unknown,3,5.247233333333333,16,0,0.6196666666666667
3,male,21.0,0,0,7.8542,S,Mr,Unknown,1,7.8542,27,0,0.01
3,male,21.0,0,0,16.1,S,Mr,Unknown,1,16.1,27,0,0.026666666666666665
1,male,61.0,0,0,32.3208,S,Mr,D,1,32.3208,21,0,0.06
2,male,57.0,0,0,12.35,Q,Rare,Unknown,1,12.35,30,0,0.11
1,female,21.0,0,0,77.9583,S,Miss,D,1,77.9583,29,0,1.0
3,male,26.0,0,0,7.8958,S,Mr,Unknown,1,7.8958,25,0,0.0
3,male,,0,0,7.7333,Q,Mr,Unknown,1,7.7333,24,0,0.36
1,male,80.0,0,0,30.0,S,Mr,A,1,30.0,36,0,0.8
3,male,51.0,0,0,7.0542,S,Mr,Unknown,1,7.0542,27,0,0.0
1,male,32.0,0,0,30.5,C,Rare,B,1,30.5,25,0,0.78
1,male,,0,0,0.0,S,Mr,Unknown,1,0.0,29,0,0.11
3,female,9.0,3,2,27.9,S,Miss,Unknown,6,4.6499999999999995,18,1,0.07
2,female,28.0,0,0,13.0,S,Miss,Unknown,1,13.0,17,0,0.97
3,male,32.0,0,0,7.925,S,Mr,Unknown,1,7.925,26,0,0.0
2,male,31.0,1,1,26.25,S,Mr,Unknown,3,8.75,19,0,0.04
3,female,41.0,0,5,39.6875,S,Mrs,Unknown,6,6.614583333333333,38,0,0.03
3,male,,1,0,16.1,S,Mr,Unknown,2,8.05,26,0,0.0
3,male,20.0,0,0,7.8542,S,Mr,Unknown,1,7.8542,22,0,0.19
1,female,24.0,0,0,69.3,C,Miss,B,1,69.3,20,0,0.99
3,female,2.0,3,2,27.9,S,Miss,Unknown,6,4.6499999999999995,29,1,0.12
3,male,,0,0,56.4958,S,Mr,Unknown,1,56.4958,15,0,0.95
3,female,0.75,2,1,19.2583,C,Miss,Unknown,4,4.814575,22,1,0.91
1,male,48.0,1,0,76.7292,C,Mr,D,2,38.3646,25,0,0.41
3,male,19.0,0,0,7.8958,S,Mr,Unknown,1,7.8958,17,0,0.005
1,male,56.0,0,0,35.5,C,Rare,A,1,35.5,35,0,0.67
3,male,,0,0,7.55,S,Mr,Unknown,1,7.55,18,0,0.013333333333333332
3,female,23.0,0,0,7.55,S,Miss,Unknown,1,7.55,31,0,0.81
3,male,,0,0,7.8958,S,Mr,Unknown,1,7.8958,17,0,0.02
2,female,18.0,0,1,23.0,S,Miss,Unknown,2,11.5,19,0,0.96
3,male,21.0,0,0,8.4333,S,Mr,Unknown,1,8.4333,30,0,0.05
3,female,,0,0,7.8292,Q,Miss,Unknown,1,7.8292,29,0,1.0
3,female,18.0,0,0,6.75,Q,Miss,Unknown,1,6.75,28,0,0.22
2,male,24.0,2,0,73.5,S,Mr,Unknown,3,24.5,25,0,0.0
3,male,,0,0,7.8958,S,Mr,Unknown,1,7.8958,21,0,0.0
3,female,32.0,1,1,15.5,Q,Mrs,Unknown,3,5.166666666666667,29,0,0.23
2,male,23.0,0,0,13.0,S,Mr,Unknown,1,13.0,28,0,0.05
1,male,58.0,0,2,113.275,C,Mr,D,3,37.75833333333333,26,0,0.14
1,male,50.0,2,0,133.65,S,Rare,Unknown,3,44.550000000000004,29,0,0.37
3,male,40.0,0,0,7.225,C,Mr,Unknown,1,7.225,17,0,0.0
1,male,47.0,0,0,25.5875,S,Mr,E,1,25.5875,26,0,0.13
3,male,36.0,0,0,7.4958,S,Mr,Unknown,1,7.4958,16,0,0.0
3,male,20.0,1,0,7.925,S,Mr,Unknown,2,3.9625,27,0,0.64
2,male,32.0,2,0,73.5,S,Mr,Unknown,3,24.5,18,0,0.05
2,male,25.0,0,0,13.0,S,Mr,Unknown,1,13.0,27,0,0.01
3,male,,0,0,7.775,S,Mr,Unknown,1,7.775,26,0,0.03
3,male,43.0,0,0,8.05,S,Mr,Unknown,1,8.05,15,0,0.03
1,female,,1,0,52.0,S,Mrs,C,2,26.0,49,0,1.0
2,female,40.0,1,1,39.0,S,Mrs,Unknown,3,13.0,61,0,0.88
1,male,31.0,1,0,52.0,S,Mr,B,2,26.0,22,0,0.75
2,male,70.0,0,0,10.5,S,Mr,Unknown,1,10.5,27,0,0.02
2,male,31.0,0,0,13.0,S,Mr,Unknown,1,13.0,21,0,0.68
2,male,,0,0,0.0,S,Mr,Unknown,1,0.0,26,0,0.02
3,male,18.0,0,0,7.775,S,Mr,Unknown,1,7.775,30,0,0.01
3,male,24.5,0,0,8.05,S,Mr,Unknown,1,8.05,29,0,0.01
3,female,18.0,0,0,9.8417,S,Miss,Unknown,1,9.8417,23,0,0.68
3,female,43.0,1,6,46.9,S,Mrs,Unknown,8,5.8625,39,0,0.02
1,male,36.0,0,1,512.3292,C,Mr,B,2,256.1646,34,0,0.82
3,female,,0,0,8.1375,Q,Miss,Unknown,1,8.1375,19,0,0.22
1,male,27.0,0,0,76.7292,C,Mr,D,1,76.7292,18,0,0.72
3,male,20.0,0,0,9.225,S,Mr,Unknown,1,9.225,27,0,0.006666666666666666
3,male,14.0,5,2,46.9,S,Mr,Unknown,8,5.8625,27,1,0.0
2,male,60.0,1,1,39.0,S,Mr,Unknown,3,13.0,33,0,0.08
2,male,25.0,1,2,41.5792,C,Mr,Unknown,4,10.3948,38,0,0.11
3,male,14.0,4,1,39.6875,S,Mr,Unknown,6,6.614583333333333,24,1,0.0
3,male,19.0,0,0,10.1708,S,Mr,Unknown,1,10.1708,17,0,0.07
3,male,18.0,0,0,7.7958,S,Mr,Unknown,1,7.7958,31,0,0.05
1,female,15.0,0,1,211.3375,S,Miss,B,2,105.66875,33,1,0.97
1,male,31.0,1,0,57.0,S,Mr,B,2,28.5,23,0,0.83
3,female,4.0,0,1,13.4167,C,Miss,Unknown,2,6.70835,18,1,0.86
3,male,,0,0,56.4958,S,Mr,Unknown,1,56.4958,12,0,0.98
3,male,25.0,0,0,7.225,C,Mr,Unknown,1,7.225,16,0,0.03233333333333333
1,male,60.0,0,0,26.55,S,Rare,Unknown,1,26.55,15,0,0.08
2,male,52.0,0,0,13.5,S,Mr,Unknown,1,13.5,26,0,0.0
3,male,44.0,0,0,8.05,S,Mr,Unknown,1,8.05,16,0,0.04
3,female,,0,0,7.7333,Q,Miss,Unknown,1,7.7333,32,0,0.99
1,male,49.0,1,1,110.8833,C,Mr,C,3,36.9611,24,0,0.18
3,male,42.0,0,0,7.65,S,Mr,F,1,7.65,40,0,0.09
1,female,18.0,1,0,227.525,C,Mrs,C,2,113.7625,49,0,1.0
1,male,35.0,0,0,26.2875,S,Mr,E,1,26.2875,32,0,0.96
3,female,18.0,0,1,14.4542,C,Miss,Unknown,2,7.2271,21,0,0.19
3,male,25.0,0,0,7.7417,Q,Mr,Unknown,1,7.7417,21,0,0.07
3,male,26.0,1,0,7.8542,S,Mr,Unknown,2,3.9271,23,0,0.18
2,male,39.0,0,0,26.0,S,Mr,Unknown,1,26.0,46,0,0.14
2,female,45.0,0,0,13.5,S,Mrs,Unknown,1,13.5,29,0,0.97
1,male,42.0,0,0,26.2875,S,Mr,E,1,26.2875,33,0,0.96
1,female,22.0,0,0,151.55,S,Miss,Unknown,1,151.55,20,0,1.0
3,male,,1,1,15.2458,C,Master,Unknown,3,5.081933333333333,49,0,0.68
1,female,24.0,0,0,49.5042,C,Miss,C,1,49.5042,48,0,0.95
1,male,,0,0,26.55,S,Mr,C,1,26.55,18,0,0.41
1,male,48.0,1,0,52.0,S,Mr,C,2,26.0,24,0,0.79
3,male,29.0,0,0,9.4833,S,Mr,Unknown,1,9.4833,26,0,0.18
2,male,52.0,0,0,13.0,S,Mr,Unknown,1,13.0,21,0,0.14
3,male,19.0,0,0,7.65,S,Mr,F,1,7.65,42,0,0.09
1,female,38.0,0,0,227.525,C,Miss,C,1,227.525,29,0,0.97
2,female,27.0,0,0,10.5,S,Miss,E,1,10.5,35,0,0.92
3,male,,0,0,15.5,Q,Mr,Unknown,1,15.5,19,0,0.04
3,male,33.0,0,0,7.775,S,Mr,Unknown,1,7.775,28,0,0.01
2,female,6.0,0,1,33.0,S,Miss,Unknown,2,16.5,33,1,0.96
3,male,17.0,1,0,7.0542,S,Mr,Unknown,2,3.5271,25,0,0.04
2,male,34.0,0,0,13.0,S,Mr,Unknown,1,13.0,28,0,0.12
2,male,50.0,0,0,13.0,S,Mr,Unknown,1,13.0,23,0,0.01
1,male,27.0,1,0,53.1,S,Mr,E,2,26.55,29,0,0.88
3,male,20.0,0,0,8.6625,S,Mr,Unknown,1,8.6625,19,0,0.03
2,female,30.0,3,0,21.0,S,Mrs,Unknown,4,5.25,43,0,0.75
3,female,,0,0,7.7375,Q,Miss,Unknown,1,7.7375,24,0,0.99
2,male,25.0,1,0,26.0,S,Mr,Unknown,2,13.0,31,0,0.05
3,female,25.0,1,0,7.925,S,Miss,Unknown,2,3.9625,29,0,0.09
1,female,29.0,0,0,211.3375,S,Miss,B,1,211.3375,29,0,1.0
3,male,11.0,0,0,18.7875,C,Mr,Unknown,1,18.7875,24,1,0.26
2,male,,0,0,0.0,S,Mr,Unknown,1,0.0,20,0,0.01
2,male,23.0,0,0,13.0,S,Mr,Unknown,1,13.0,26,0,0.0
2,male,23.0,0,0,13.0,S,Mr,Unknown,1,13.0,28,0,0.05
3,male,28.5,0,0,16.1,S,Mr,Unknown,1,16.1,20,0,0.04
3,female,48.0,1,3,34.375,S,Mrs,Unknown,5,6.875,39,0,0.1
1,male,35.0,0,0,512.3292,C,Mr,B,1,512.3292,22,0,0.76
3,male,,0,0,7.8958,S,Mr,Unknown,1,7.8958,18,0,0.0
3,male,,0,0,7.8958,S,Mr,Unknown,1,7.8958,18,0,0.0
1,male,,0,0,30.0,S,Mr,D,1,30.0,27,0,0.33
1,male,36.0,1,0,78.85,S,Mr,C,2,39.425,29,0,0.19
1,female,21.0,2,2,262.375,C,Miss,B,5,52.475,37,0,0.99
3,male,24.0,1,0,16.1,S,Mr,Unknown,2,8.05,17,0,0.04
3,male,31.0,0,0,7.925,S,Mr,Unknown,1,7.925,18,0,0.66
1,male,70.0,1,1,71.0,S,Rare,B,3,23.666666666666668,28,0,0.5
3,male,16.0,1,1,20.25,S,Mr,Unknown,3,6.75,27,0,0.0
2,female,30.0,0,0,13.0,S,Miss,Unknown,1,13.0,21,0,0.98
1,male,19.0,1,0,53.1,S,Mr,D,2,26.55,25,0,0.29
3,male,31.0,0,0,7.75,Q,Mr,Unknown,1,7.75,23,0,0.06
2,female,4.0,1,1,23.0,S,Miss,Unknown,3,7.666666666666667,17,1,0.94
3,male,6.0,0,1,12.475,S,Master,E,2,6.2375,19,1,0.9
3,male,33.0,0,0,9.5,S,Mr,Unknown,1,9.5,32,0,0.15
3,male,23.0,0,0,7.8958,S,Mr,Unknown,1,7.8958,18,0,0.0
2,female,48.0,1,2,65.0,S,Mrs,Unknown,4,16.25,32,0,1.0
2,male,0.67,1,1,14.5,S,Master,Unknown,3,4.833333333333333,25,1,0.95
3,male,28.0,0,0,7.7958,S,Mr,Unknown,1,7.7958,28,0,0.02
2,male,18.0,0,0,11.5,S,Mr,Unknown,1,11.5,24,0,0.03
3,male,34.0,0,0,8.05,S,Mr,Unknown,1,8.05,28,0,0.01
1,female,33.0,0,0,86.5,S,the Countess,B,1,86.5,56,0,1.0
3,male,,0,0,14.5,S,Mr,Unknown,1,14.5,18,0,0.07
3,male,41.0,0,0,7.125,S,Mr,Unknown,1,7.125,30,0,0.0
3,male,20.0,0,0,7.2292,C,Mr,Unknown,1,7.2292,21,0,0.6
1,female,36.0,1,2,120.0,S,Mrs,B,4,30.0,41,0,0.98
3,male,16.0,0,0,7.775,S,Mr,Unknown,1,7.775,22,0,0.155
1,female,51.0,1,0,77.9583,S,Mrs,D,2,38.97915,36,0,1.0
1,male,,0,0,39.6,C,Rare,Unknown,1,39.6,25,0,0.08
3,female,30.5,0,0,7.75,Q,Miss,Unknown,1,7.75,18,0,0.31
3,male,,1,0,24.15,Q,Mr,Unknown,2,12.075,19,0,0.12
3,male,32.0,0,0,8.3625,S,Mr,Unknown,1,8.3625,32,0,0.11
3,male,24.0,0,0,9.5,S,Mr,Unknown,1,9.5,22,0,0.04
3,male,48.0,0,0,7.8542,S,Mr,Unknown,1,7.8542,23,0,0.06
2,female,57.0,0,0,10.5,S,Mrs,E,1,10.5,17,0,0.33
3,male,,0,0,7.225,C,Mr,Unknown,1,7.225,15,0,0.027333333333333334
2,female,54.0,1,3,23.0,S,Mrs,Unknown,5,4.6,37,0,0.85
3,male,18.0,0,0,7.75,S,Mr,Unknown,1,7.75,39,0,0.06
3,male,,0,0,7.75,Q,Mr,F,1,7.75,16,0,0.08
3,female,5.0,0,0,12.475,S,Miss,Unknown,1,12.475,29,1,0.91
3,male,,0,0,7.7375,Q,Mr,Unknown,1,7.7375,23,0,0.01
1,female,43.0,0,1,211.3375,S,Mrs,B,2,105.66875,53,0,1.0
3,female,13.0,0,0,7.2292,C,Miss,Unknown,1,7.2292,20,1,0.86
1,female,17.0,1,0,57.0,S,Mrs,B,2,28.5,41,0,1.0
1,male,29.0,0,0,30.0,S,Mr,D,1,30.0,22,0,0.22
3,male,,1,2,23.45,S,Mr,Unknown,4,5.8625,22,0,0.01
3,male,25.0,0,0,7.05,S,Mr,Unknown,1,7.05,16,0,0.01
3,male,25.0,0,0,7.25,S,Mr,Unknown,1,7.25,34,0,0.07
3,female,18.0,0,0,7.4958,S,Miss,Unknown,1,7.4958,25,0,0.81
3,male,8.0,4,1,29.125,Q,Master,Unknown,6,4.854166666666667,25,1,0.04
3,male,1.0,1,2,20.575,S,Master,Unknown,4,5.14375,26,1,0.88
1,male,46.0,0,0,79.2,C,Mr,B,1,79.2,24,0,0.29
3,male,,0,0,7.75,Q,Mr,Unknown,1,7.75,24,0,0.59
2,male,16.0,0,0,26.0,S,Mr,Unknown,1,26.0,19,0,0.0
3,female,,8,2,69.55,S,Miss,Unknown,11,6.322727272727272,23,0,0.03
1,male,,0,0,30.6958,C,Mr,Unknown,1,30.6958,24,0,0.03
3,male,25.0,0,0,7.8958,S,Mr,Unknown,1,7.8958,21,0,0.01
2,male,39.0,0,0,13.0,S,Mr,Unknown,1,13.0,18,0,0.08
1,female,49.0,0,0,25.9292,S,Rare,D,1,25.9292,27,0,0.93
3,female,31.0,0,0,8.6833,S,Mrs,Unknown,1,8.6833,16,0,0.75
3,male,30.0,0,0,7.2292,C,Mr,Unknown,1,7.2292,28,0,0.13
3,female,30.0,1,1,24.15,S,Mrs,Unknown,3,8.049999999999999,52,0,0.8
2,male,34.0,0,0,13.0,S,Mr,Unknown,1,13.0,20,0,0.31
2,female,31.0,1,1,26.25,S,Mrs,Unknown,3,8.75,43,0,0.95
1,male,11.0,1,2,120.0,S,Master,B,4,30.0,35,1,0.79
3,male,0.42,0,1,8.5167,C,Master,Unknown,2,4.25835,31,1,0.89
3,male,27.0,0,0,6.975,S,Mr,Unknown,1,6.975,23,0,0.7
3,male,31.0,0,0,7.775,S,Mr,Unknown,1,7.775,25,0,0.05
1,male,39.0,0,0,0.0,S,Mr,A,1,0.0,22,0,0.05
3,female,18.0,0,0,7.775,S,Miss,Unknown,1,7.775,31,0,0.25
2,male,39.0,0,0,13.0,S,Mr,Unknown,1,13.0,17,0,0.06
1,female,33.0,1,0,53.1,S,Mrs,E,2,26.55,46,0,1.0
3,male,26.0,0,0,7.8875,S,Mr,Unknown,1,7.8875,22,0,0.0
3,male,39.0,0,0,24.15,S,Mr,Unknown,1,24.15,17,0,0.07
2,male,35.0,0,0,10.5,S,Mr,Unknown,1,10.5,25,0,0.08
3,female,6.0,4,2,31.275,S,Miss,Unknown,7,4.4678571428571425,34,1,0.09
3,male,30.5,0,0,8.05,S,Mr,Unknown,1,8.05,26,0,0.0
1,male,,0,0,0.0,S,Mr,B,1,0.0,16,0,0.09
3,female,23.0,0,0,7.925,S,Miss,Unknown,1,7.925,28,0,0.17
2,male,31.0,1,1,37.0042,C,Mr,Unknown,3,12.334733333333332,18,0,0.07
3,male,43.0,0,0,6.45,S,Mr,Unknown,1,6.45,32,0,0.02
3,male,10.0,3,2,27.9,S,Master,Unknown,6,4.6499999999999995,28,1,0.03
1,female,52.0,1,1,93.5,S,Mrs,B,3,31.166666666666668,50,0,1.0
3,male,27.0,0,0,8.6625,S,Mr,Unknown,1,8.6625,17,0,0.6
1,male,38.0,0,0,0.0,S,Rare,Unknown,1,0.0,31,0,0.06
3,female,27.0,0,1,12.475,S,Mrs,E,2,6.2375,18,0,0.82
3,male,2.0,4,1,39.6875,S,Master,Unknown,6,6.614583333333333,28,1,0.03
3,male,,0,0,6.95,Q,Mr,Unknown,1,6.95,15,0,0.01
3,male,,0,0,56.4958,S,Mr,Unknown,1,56.4958,12,0,0.98
2,male,1.0,0,2,37.0042,C,Master,Unknown,3,12.334733333333332,21,1,0.89
3,male,,0,0,7.75,Q,Mr,Unknown,1,7.75,28,0,0.8
1,female,62.0,0,0,80.0,S,Mrs,B,1,80.0,41,0,0.98
3,female,15.0,1,0,14.4542,C,Mrs,Unknown,2,7.2271,39,1,0.56
2,male,0.83,1,1,18.75,S,Master,Unknown,3,6.25,31,1,0.99
3,male,,0,0,7.2292,C,Mr,Unknown,1,7.2292,14,0,0.0825
3,male,23.0,0,0,7.8542,S,Mr,Unknown,1,7.8542,22,0,0.08
3,male,18.0,0,0,8.3,S,Mr,Unknown,1,8.3,22,0,0.026666666666666665
1,female,39.0,1,1,83.1583,C,Miss,E,3,27.71943333333333,27,0,0.98
3,male,21.0,0,0,8.6625,S,Mr,Unknown,1,8.6625,16,0,0.03
3,male,,0,0,8.05,S,Mr,Unknown,1,8.05,19,0,0.01
3,male,32.0,0,0,56.4958,S,Mr,Unknown,1,56.4958,15,0,0.97
1,male,,0,0,29.7,C,Mr,C,1,29.7,20,0,0.47
3,male,20.0,0,0,7.925,S,Mr,Unknown,1,7.925,27,0,0.02
2,male,16.0,0,0,10.5,S,Mr,Unknown,1,10.5,24,0,0.44
1,female,30.0,0,0,31.0,C,Miss,Unknown,1,31.0,23,0,0.99
3,male,34.5,0,0,6.4375,C,Mr,Unknown,1,6.4375,26,0,0.09
3,male,17.0,0,0,8.6625,S,Mr,Unknown,1,8.6625,19,0,0.02
3,male,42.0,0,0,7.55,S,Mr,Unknown,1,7.55,19,0,0.0
3,male,,8,2,69.55,S,Mr,Unknown,11,6.322727272727272,24,0,0.0
3,male,35.0,0,0,7.8958,C,Mr,Unknown,1,7.8958,18,0,0.09
2,male,28.0,0,1,33.0,S,Rare,Unknown,2,16.5,17,0,0.05
1,female,,1,0,89.1042,C,Mrs,C,2,44.5521,44,0,1.0
3,male,4.0,4,2,31.275,S,Master,Unknown,7,4.4678571428571425,39,1,0.2
3,male,74.0,0,0,7.775,S,Mr,Unknown,1,7.775,19,0,0.06
3,female,9.0,1,1,15.2458,C,Miss,Unknown,3,5.081933333333333,23,1,0.26
1,female,16.0,0,1,39.4,S,Miss,D,2,19.7,25,0,0.99
2,female,44.0,1,0,26.0,S,Mrs,Unknown,2,13.0,45,0,0.37
3,female,18.0,0,1,9.35,S,Mrs,Unknown,2,4.675,26,0,0.75
1,female,45.0,1,1,164.8667,S,Mrs,Unknown,3,54.95556666666667,42,0,0.99
1,male,51.0,0,0,26.55,S,Mr,E,1,26.55,22,0,0.71
3,female,24.0,0,3,19.2583,C,Mrs,Unknown,4,4.814575,37,0,0.88
3,male,,0,0,7.2292,C,Mr,Unknown,1,7.2292,16,0,0.43583333333333335
3,male,41.0,2,0,14.1083,S,Mr,Unknown,3,4.702766666666666,23,0,0.02
2,male,21.0,1,0,11.5,S,Mr,Unknown,2,5.75,27,0,0.04
1,female,48.0,0,0,25.9292,S,Mrs,D,1,25.9292,51,0,0.98
3,female,,8,2,69.55,S,Miss,Unknown,11,6.322727272727272,33,0,0.07
2,male,24.0,0,0,13.0,S,Mr,Unknown,1,13.0,22,0,0.0
2,female,42.0,0,0,13.0,S,Mrs,Unknown,1,13.0,24,0,0.94
2,female,27.0,1,0,13.8583,C,Miss,Unknown,2,6.92915,28,0,0.91
1,male,31.0,0,0,50.4958,S,Mr,A,1,50.4958,36,0,0.2
3,male,,0,0,9.5,S,Mr,Unknown,1,9.5,27,0,0.13
3,male,4.0,1,1,11.1333,S,Master,Unknown,3,3.7111,31,1,0.91
3,male,26.0,0,0,7.8958,S,Mr,Unknown,1,7.8958,17,0,0.0
1,female,47.0,1,1,52.5542,S,Mrs,D,3,17.518066666666666,48,0,1.0
1,male,33.0,0,0,5.0,S,Mr,B,1,5.0,24,0,0.04
3,male,47.0,0,0,9.0,S,Mr,Unknown,1,9.0,27,0,0.05
2,female,28.0,1,0,24.0,C,Mrs,Unknown,2,12.0,37,0,0.93
3,female,15.0,0,0,7.225,C,Miss,Unknown,1,7.225,32,1,0.81
3,male,20.0,0,0,9.8458,S,Mr,Unknown,1,9.8458,29,0,0.0
3,male,19.0,0,0,7.8958,S,Mr,Unknown,1,7.8958,20,0,0.005
3,male,,0,0,7.8958,S,Mr,Unknown,1,7.8958,18,0,0.0
1,female,56.0,0,1,83.1583,C,Mrs,C,2,41.57915,45,0,1.0
2,female,25.0,0,1,26.0,S,Mrs,Unknown,2,13.0,44,0,0.96
3,male,33.0,0,0,7.8958,S,Mr,Unknown,1,7.8958,18,0,0.01
3,female,22.0,0,0,10.5167,S,Miss,Unknown,1,10.5167,28,0,0.53
2,male,28.0,0,0,10.5,S,Mr,Unknown,1,10.5,29,0,0.03
3,male,25.0,0,0,7.05,S,Mr,Unknown,1,7.05,22,0,0.02
3,female,39.0,0,5,29.125,Q,Mrs,Unknown,6,4.854166666666667,36,0,0.31
2,male,27.0,0,0,13.0,S,Rare,Unknown,1,13.0,21,0,0.02
1,female,19.0,0,0,30.0,S,Miss,B,1,30.0,28,0,0.98
3,female,,1,2,23.45,S,Miss,Unknown,4,5.8625,40,0,0.34
1,male,26.0,0,0,30.0,C,Mr,C,1,30.0,21,0,0.81
3,male,32.0,0,0,7.75,Q,Mr,Unknown,1,7.75,19,0,0.02
